{
	"class_name" : "ViewTrajectory",
	"interval" : 29,
	"is_loop" : false,
	"trajectory" : 
	[
		{
			"boundingbox_max" : [ 199.375, 206.625, 21.921875 ],
			"boundingbox_min" : [ -214.875, -131.875, -5.328125 ],
			"field_of_view" : 90.0,
			"front" : [ -0.67583878019576282, 0.074871801444598221, 0.73323676703500362 ],
			"lookat" : [ 10.736413745573087, 0.48459915524242908, -11.093600130852462 ],
			"up" : [ 0.73704832108082663, 0.070421609903326618, 0.67216111852037275 ],
			"zoom" : 0.080000000000000002
		}
	],
	"version_major" : 1,
	"version_minor" : 0
}