{
	"class_name" : "ViewTrajectory",
	"interval" : 29,
	"is_loop" : false,
	"trajectory" : 
	[
		{
			"boundingbox_max" : [ 211.125, 117.1875, 20.53125 ],
			"boundingbox_min" : [ -215.25, -166.625, -3.392578125 ],
			"field_of_view" : 90.0,
			"front" : [ -0.78264077936294429, -0.0063155949007044129, 0.62244158259166249 ],
			"lookat" : [ 16.764474584958553, 0.042979235705968843, -6.3527807404873249 ],
			"up" : [ 0.62244710369604039, 0.0012897206826678895, 0.78266080757948497 ],
			"zoom" : 0.080000000000000002
		}
	],
	"version_major" : 1,
	"version_minor" : 0
}